,Temp,Huni,M_ID
0,30.494437303970145,34.9813077067918,1
1,29.795260516287104,31.57499841448156,1
2,29.118776036425626,25.25585057021611,1
3,30.550945222383895,34.16231218675444,1
4,29.996291245617332,26.6573577630297,1
5,29.630960083455406,28.712715387120046,1
6,29.991990734057744,30.148772548981785,1
7,29.913886047209136,26.60507367087544,1
8,29.744478504566814,34.447540167934285,1
9,29.243158445975983,32.92630432838296,1
